sec,luminance,rms_contrast,motion,edges,cuts,saturation
0,0.05882,0.00000,0.00000,0.00000,0.00000,0.31373
1,0.06074,0.01468,0.00096,0.01269,0.00000,0.31223
2,0.06458,0.04404,0.00000,0.03808,0.00000,0.30935
3,0.06458,0.04403,0.00000,0.03807,0.00000,0.30936
4,0.05978,0.00734,0.00096,0.00634,0.00000,0.31300
5,0.06286,0.03025,0.00101,0.02752,0.00000,0.31026
6,0.06488,0.04537,0.00000,0.04128,0.00000,0.30852
7,0.06488,0.04536,0.00000,0.04127,0.00000,0.30852
8,0.05882,0.00000,0.00101,0.00000,0.00000,0.31373
9,0.29553,0.17460,0.05534,0.27494,1.00000,0.19506
10,0.41298,0.21505,0.03521,0.33752,0.00000,0.19623
11,0.61576,0.26796,0.05515,0.34907,0.00000,0.18797
12,0.79200,0.25096,0.04666,0.25982,0.00000,0.11892
13,0.70207,0.22879,0.11184,0.22270,1.00000,0.19587
14,0.54293,0.24982,0.03674,0.24576,0.00000,0.29492
15,0.60997,0.28040,0.04616,0.24664,0.00000,0.25287
16,0.74660,0.26230,0.04620,0.20884,0.00000,0.18591
17,0.85761,0.18967,0.03541,0.16554,0.00000,0.13632
18,0.69305,0.19106,0.09063,0.17600,1.00000,0.13357
19,0.49021,0.24491,0.00600,0.23104,0.00000,0.14776
20,0.49465,0.24340,0.00462,0.23358,0.00000,0.14794
21,0.50331,0.24331,0.00643,0.23541,0.00000,0.14902
22,0.51318,0.24373,0.00806,0.22477,0.00000,0.15200
23,0.52765,0.24123,0.00871,0.21895,0.00000,0.15152
24,0.54601,0.23609,0.00983,0.22208,0.00000,0.14847
25,0.45170,0.18029,0.05419,0.54459,1.00000,0.27517
26,0.45024,0.17973,0.00886,0.54105,0.00000,0.27311
27,0.45375,0.17923,0.01124,0.54100,0.00000,0.27431
28,0.45576,0.18030,0.01173,0.54170,0.00000,0.27297
29,0.45624,0.18108,0.01397,0.54364,0.00000,0.27325
30,0.45277,0.18235,0.01300,0.54081,0.00000,0.27339
31,0.45662,0.18238,0.01850,0.55531,0.00000,0.27455
32,0.46297,0.18164,0.01654,0.56261,0.00000,0.27451
33,0.46191,0.18389,0.02329,0.57544,0.00000,0.27063
34,0.46683,0.18268,0.01529,0.57131,0.00000,0.27049
35,0.46800,0.18278,0.01509,0.57475,0.00000,0.26977
36,0.46705,0.18314,0.00561,0.57207,0.00000,0.27074
37,0.46759,0.18399,0.00729,0.57145,0.00000,0.27079
38,0.46861,0.18360,0.01826,0.57144,0.00000,0.27073
39,0.47022,0.18484,0.01796,0.57174,0.00000,0.27174
40,0.35632,0.16482,0.06323,0.40183,1.00000,0.33491
41,0.30246,0.15813,0.02813,0.32060,0.00000,0.37342
42,0.18233,0.11702,0.04028,0.25427,1.00000,0.30512
43,0.15806,0.10713,0.00604,0.23948,0.00000,0.29202
44,0.15744,0.10620,0.00603,0.23755,0.00000,0.29520
45,0.19240,0.13295,0.03858,0.28575,0.00000,0.31899
46,0.26780,0.18651,0.03093,0.38648,0.00000,0.35529
47,0.29249,0.20336,0.11318,0.40163,0.00000,0.34393
48,0.30309,0.18209,0.12802,0.45754,0.00000,0.33108
49,0.30705,0.17805,0.08221,0.47612,1.00000,0.32097
50,0.36551,0.19491,0.07828,0.56828,0.00000,0.23795
51,0.48967,0.23202,0.08346,0.52961,1.00000,0.30220
52,0.51161,0.24222,0.04608,0.52429,0.00000,0.31701
53,0.46287,0.23432,0.07965,0.50967,1.00000,0.30604
54,0.37093,0.22134,0.03495,0.52373,0.00000,0.29702
55,0.37437,0.22059,0.01605,0.53720,0.00000,0.30888
56,0.45037,0.23225,0.08314,0.54869,1.00000,0.33514
57,0.56596,0.26627,0.04063,0.57801,0.00000,0.42675
58,0.51922,0.26087,0.04974,0.57946,0.00000,0.47909
59,0.46429,0.26463,0.08846,0.54956,0.00000,0.54599
60,0.40357,0.26718,0.05856,0.46228,0.00000,0.59325
61,0.38036,0.26066,0.00774,0.44168,0.00000,0.61068
62,0.38025,0.26104,0.00695,0.43794,0.00000,0.61096
63,0.37760,0.26000,0.00489,0.43791,0.00000,0.61532
64,0.21562,0.13184,0.05994,0.21818,1.00000,0.46388
65,0.06078,0.01850,0.00051,0.01243,0.00000,0.30951
66,0.06347,0.04052,0.00057,0.02796,0.00000,0.30912
67,0.06493,0.05223,0.00047,0.03533,0.00000,0.31017
68,0.06522,0.05281,0.00044,0.03569,0.00000,0.31011
69,0.06496,0.05216,0.00035,0.03486,0.00000,0.31014
70,0.35159,0.16089,0.05410,0.17849,1.00000,0.47862
71,0.35661,0.16192,0.00650,0.17650,0.00000,0.47644
72,0.36149,0.16302,0.00618,0.17463,0.00000,0.47589
73,0.36675,0.16357,0.00626,0.17346,0.00000,0.47571
74,0.17498,0.12088,0.05687,0.19869,1.00000,0.41554
75,0.14542,0.12194,0.02424,0.22246,0.00000,0.39825
76,0.15460,0.13267,0.03143,0.23378,0.00000,0.37751
77,0.18021,0.14764,0.02809,0.26800,0.00000,0.39466
78,0.22348,0.16136,0.03653,0.34556,0.00000,0.42294
79,0.29535,0.18460,0.06814,0.37215,1.00000,0.40971
80,0.34636,0.20518,0.01841,0.37372,0.00000,0.38807
81,0.33543,0.19889,0.02983,0.36580,0.00000,0.39619
82,0.36346,0.19018,0.04719,0.30691,0.00000,0.38343
83,0.37592,0.19001,0.01110,0.28762,0.00000,0.37896
84,0.35204,0.18307,0.05648,0.25552,1.00000,0.38740
85,0.22149,0.15301,0.02381,0.13673,0.00000,0.43448
86,0.20201,0.14639,0.05710,0.16728,0.00000,0.45080
87,0.20917,0.14222,0.03502,0.21439,0.00000,0.42965
88,0.21561,0.15047,0.04571,0.20306,0.00000,0.41797
89,0.21500,0.15247,0.03226,0.18718,0.00000,0.40698
90,0.22373,0.15235,0.02873,0.18813,0.00000,0.40159
91,0.27570,0.18334,0.01972,0.16026,0.00000,0.37891
92,0.27355,0.19223,0.03738,0.26029,1.00000,0.41562
93,0.26707,0.19750,0.02046,0.36034,0.00000,0.45601
94,0.26481,0.19466,0.01550,0.36823,0.00000,0.46089
95,0.26958,0.18819,0.03183,0.26317,1.00000,0.41998
96,0.30381,0.20410,0.01252,0.15769,0.00000,0.35541
97,0.30946,0.20675,0.00936,0.15277,0.00000,0.35312
98,0.30941,0.21798,0.03775,0.31967,0.00000,0.35064
99,0.30456,0.22346,0.01078,0.40100,0.00000,0.34744
100,0.30668,0.22280,0.01403,0.40201,0.00000,0.35029
101,0.31029,0.22169,0.00941,0.40269,0.00000,0.35141
102,0.30635,0.21733,0.03217,0.28303,1.00000,0.35271
103,0.30710,0.21599,0.00973,0.15873,0.00000,0.35163
104,0.31091,0.21763,0.00895,0.15515,0.00000,0.35000
105,0.30930,0.21694,0.01360,0.15793,0.00000,0.35286
106,0.29992,0.21441,0.02677,0.18761,0.00000,0.34597
107,0.30401,0.21648,0.01704,0.19547,0.00000,0.33789
108,0.30970,0.21581,0.01537,0.19008,0.00000,0.33410
109,0.30730,0.21188,0.01475,0.18992,0.00000,0.33895
110,0.30649,0.21169,0.01405,0.17755,0.00000,0.34647
111,0.29916,0.21016,0.01831,0.17976,0.00000,0.35233
112,0.28631,0.20898,0.01846,0.17633,0.00000,0.35582
113,0.26661,0.19800,0.02032,0.17696,0.00000,0.37692
114,0.25474,0.18979,0.02736,0.18870,0.00000,0.40199
115,0.24139,0.17741,0.03566,0.20460,0.00000,0.42427
116,0.24952,0.16913,0.05730,0.21974,1.00000,0.43239
117,0.33929,0.20152,0.00839,0.27141,0.00000,0.36122
118,0.34624,0.20338,0.01250,0.27093,0.00000,0.35540
119,0.35042,0.20363,0.00782,0.27370,0.00000,0.35551
120,0.27932,0.19610,0.04742,0.33236,0.00000,0.28661
121,0.27175,0.19949,0.02758,0.32472,0.00000,0.28574
122,0.27177,0.20530,0.04257,0.28350,0.00000,0.29160
123,0.30030,0.21096,0.04157,0.29965,0.00000,0.28915
124,0.29401,0.20129,0.05390,0.31938,0.00000,0.31053
125,0.28234,0.19153,0.06525,0.27953,0.00000,0.35409
126,0.31526,0.20283,0.04333,0.26841,0.00000,0.36776
127,0.32128,0.20132,0.03855,0.28605,0.00000,0.36375
128,0.32202,0.19688,0.03340,0.30844,0.00000,0.35345
129,0.32080,0.19268,0.02783,0.30923,0.00000,0.36608
130,0.33002,0.19836,0.02120,0.29627,0.00000,0.36363
131,0.30846,0.19955,0.02449,0.28324,0.00000,0.35044
132,0.31209,0.19735,0.00943,0.28785,0.00000,0.35531
133,0.30716,0.19608,0.00701,0.29013,0.00000,0.35672
134,0.30423,0.19559,0.00478,0.29422,0.00000,0.35492
135,0.23441,0.18355,0.03236,0.23814,1.00000,0.35866
136,0.23328,0.18402,0.00501,0.23492,0.00000,0.35975
137,0.23191,0.18392,0.00597,0.23064,0.00000,0.36100
138,0.22919,0.18267,0.00648,0.23086,0.00000,0.36288
139,0.22506,0.18081,0.00526,0.22811,0.00000,0.36616
140,0.38194,0.19158,0.05024,0.29332,0.00000,0.43473
141,0.38166,0.18944,0.01169,0.30186,0.00000,0.43673
142,0.37973,0.19424,0.01479,0.29566,0.00000,0.42868
143,0.32942,0.20368,0.04472,0.28770,0.00000,0.41810
144,0.30888,0.20856,0.01351,0.28684,0.00000,0.40769
145,0.30361,0.20018,0.06042,0.27421,1.00000,0.41023
146,0.19916,0.11907,0.01065,0.24093,0.00000,0.48925
147,0.20134,0.12153,0.01903,0.24434,0.00000,0.48341
148,0.20290,0.13017,0.01433,0.24059,0.00000,0.47803
149,0.20965,0.13603,0.01095,0.24372,0.00000,0.47754
150,0.21010,0.13001,0.02248,0.25061,0.00000,0.48505
151,0.21212,0.13146,0.01280,0.25676,0.00000,0.48132
152,0.21079,0.12872,0.01450,0.25400,0.00000,0.48931
153,0.21155,0.12642,0.04663,0.29371,1.00000,0.26936
154,0.20255,0.12396,0.02768,0.28198,0.00000,0.26552
155,0.19150,0.11761,0.02419,0.26096,0.00000,0.26297
156,0.18376,0.11319,0.02017,0.24879,0.00000,0.26241
157,0.17821,0.10863,0.01460,0.23951,0.00000,0.26338
158,0.21726,0.11788,0.04317,0.25758,0.00000,0.27652
159,0.30235,0.14284,0.05475,0.30521,0.00000,0.29914
160,0.31729,0.15458,0.07472,0.27503,0.00000,0.27354
161,0.30303,0.16241,0.07798,0.28646,0.00000,0.24326
162,0.25875,0.15669,0.09586,0.30924,0.00000,0.26269
163,0.23978,0.14041,0.07574,0.31294,0.00000,0.28194
164,0.24568,0.13676,0.06619,0.31654,0.00000,0.29982
165,0.23686,0.14810,0.06346,0.31877,0.00000,0.28864
166,0.23293,0.14781,0.06666,0.33282,0.00000,0.27741
167,0.24050,0.14359,0.06381,0.36406,0.00000,0.28537
168,0.23942,0.14768,0.05217,0.34810,0.00000,0.28207
169,0.23858,0.14623,0.02906,0.33520,0.00000,0.29682
170,0.23970,0.14691,0.02363,0.33283,0.00000,0.30135
171,0.23800,0.14668,0.03142,0.32804,0.00000,0.30805
172,0.28475,0.18592,0.04564,0.27812,1.00000,0.41606
173,0.31303,0.20510,0.00630,0.25684,0.00000,0.46322
174,0.33103,0.20526,0.04842,0.29203,0.00000,0.46307
175,0.33118,0.21216,0.08922,0.33917,0.00000,0.45485
176,0.30469,0.20104,0.09657,0.37940,0.00000,0.48021
177,0.28944,0.18910,0.05819,0.39023,0.00000,0.48153
178,0.29083,0.18933,0.01333,0.40018,0.00000,0.48546
179,0.28398,0.18566,0.03191,0.37497,0.00000,0.49748
180,0.25892,0.17274,0.03733,0.33483,0.00000,0.52466
181,0.26276,0.17704,0.04225,0.32672,0.00000,0.54842
182,0.26870,0.18104,0.01149,0.31985,0.00000,0.55194
183,0.26754,0.14553,0.03789,0.34166,0.00000,0.52131
184,0.25816,0.12400,0.01377,0.34352,0.00000,0.51031
185,0.25502,0.12226,0.01471,0.34056,0.00000,0.51173
186,0.25454,0.12275,0.01465,0.34032,0.00000,0.51170
187,0.24839,0.11945,0.01346,0.33130,0.00000,0.51455
188,0.24612,0.11782,0.01127,0.32385,0.00000,0.51224
189,0.25858,0.14887,0.03961,0.29116,1.00000,0.44860
190,0.28118,0.17861,0.02506,0.27112,0.00000,0.37826
191,0.29651,0.17882,0.02840,0.29483,0.00000,0.35731
192,0.28999,0.18688,0.05345,0.29406,0.00000,0.37467
193,0.30508,0.17482,0.06168,0.34362,1.00000,0.51440
194,0.30922,0.17219,0.02862,0.36326,0.00000,0.52508
195,0.32384,0.17180,0.02475,0.38192,0.00000,0.52512
196,0.31936,0.17355,0.03684,0.37925,0.00000,0.52018
197,0.31224,0.16419,0.03283,0.36361,0.00000,0.51018
198,0.38327,0.20177,0.06953,0.34648,1.00000,0.36782
199,0.45259,0.24933,0.02165,0.35830,0.00000,0.23145
200,0.44963,0.25093,0.03056,0.35642,0.00000,0.23849
201,0.32384,0.19082,0.05210,0.37850,1.00000,0.42633
202,0.30027,0.17836,0.02169,0.38622,0.00000,0.46417
203,0.31697,0.17888,0.04141,0.39858,0.00000,0.47042
204,0.32370,0.17543,0.06585,0.39367,0.00000,0.49326
205,0.34218,0.15463,0.07656,0.37578,0.00000,0.45515
206,0.32543,0.15701,0.08913,0.36727,1.00000,0.42894
207,0.28028,0.17688,0.05865,0.35188,0.00000,0.39067
208,0.29403,0.18881,0.09147,0.34432,1.00000,0.41834
209,0.29267,0.20286,0.11817,0.34764,0.00000,0.36233
210,0.31910,0.11860,0.10455,0.41463,0.00000,0.55664
211,0.26041,0.14772,0.07280,0.41863,0.00000,0.33457
212,0.30548,0.19370,0.05969,0.50060,1.00000,0.24859
213,0.38674,0.23434,0.02289,0.53761,0.00000,0.26452
214,0.33801,0.15048,0.07819,0.36759,1.00000,0.49508
215,0.46827,0.17100,0.12601,0.34939,1.00000,0.37131
216,0.60931,0.20415,0.07642,0.33703,2.00000,0.20077
217,0.59889,0.18813,0.03919,0.40525,0.00000,0.17205
218,0.64899,0.15770,0.04659,0.38145,0.00000,0.13041
219,0.57985,0.16604,0.04969,0.40770,0.00000,0.14537
220,0.50951,0.16753,0.04294,0.40549,0.00000,0.16556
221,0.48536,0.20077,0.04384,0.40402,0.00000,0.21224
222,0.52545,0.18775,0.07747,0.41668,0.00000,0.21753
223,0.46335,0.20178,0.06868,0.57761,0.00000,0.30310
224,0.42176,0.21455,0.02447,0.62728,0.00000,0.35574
225,0.35807,0.16646,0.07817,0.46459,1.00000,0.42792
226,0.32543,0.15369,0.02470,0.41011,0.00000,0.45931
227,0.29878,0.15089,0.01871,0.38874,0.00000,0.50197
228,0.30984,0.15434,0.02706,0.40094,0.00000,0.48476
229,0.33445,0.16009,0.03334,0.42438,0.00000,0.44632
230,0.34735,0.16184,0.05600,0.44362,0.00000,0.42499
231,0.34749,0.16753,0.05428,0.44062,0.00000,0.42113
232,0.32067,0.16792,0.04732,0.40574,0.00000,0.45992
233,0.31689,0.16531,0.04435,0.40776,0.00000,0.47003
234,0.39118,0.18141,0.05459,0.40979,1.00000,0.37444
235,0.46321,0.19922,0.02413,0.39605,0.00000,0.27215
236,0.44801,0.19086,0.02776,0.40636,0.00000,0.28205
237,0.44344,0.20168,0.02850,0.42019,0.00000,0.29865
238,0.40840,0.18920,0.05738,0.42327,1.00000,0.33795
239,0.34289,0.16777,0.02010,0.42535,0.00000,0.41972
240,0.34096,0.16780,0.02250,0.41275,0.00000,0.41657
241,0.32907,0.16318,0.01999,0.40540,0.00000,0.43605
242,0.34267,0.16625,0.02364,0.42451,0.00000,0.42554
243,0.35608,0.16917,0.02575,0.43417,0.00000,0.40514
244,0.34985,0.16922,0.01969,0.41681,0.00000,0.40713
245,0.34354,0.17092,0.02067,0.41871,0.00000,0.42195
246,0.34655,0.17271,0.01651,0.42240,0.00000,0.41729
247,0.35318,0.17164,0.02119,0.43116,0.00000,0.40681
248,0.34133,0.16901,0.01257,0.41361,0.00000,0.41333
249,0.32795,0.16476,0.02530,0.40414,0.00000,0.42902
250,0.32794,0.16230,0.02125,0.39573,0.00000,0.43095
251,0.34796,0.16726,0.02851,0.42087,0.00000,0.40517
252,0.33581,0.16869,0.05464,0.41703,0.00000,0.42523
253,0.39870,0.18354,0.06979,0.41963,1.00000,0.35323
254,0.52555,0.20151,0.03090,0.36964,0.00000,0.22532
255,0.51551,0.19489,0.02754,0.37979,0.00000,0.23802
256,0.48675,0.19687,0.02168,0.40809,0.00000,0.28077
257,0.48874,0.19233,0.01935,0.39411,0.00000,0.26692
258,0.36132,0.18182,0.14605,0.47223,1.00000,0.30405
259,0.34562,0.17551,0.10737,0.42785,0.00000,0.31561
260,0.39906,0.17292,0.09939,0.45914,0.00000,0.25323
261,0.42069,0.16921,0.10925,0.50954,0.00000,0.23794
262,0.40969,0.17332,0.04742,0.52103,0.00000,0.24690
263,0.40806,0.17739,0.04986,0.51898,0.00000,0.24871
264,0.41464,0.17675,0.03357,0.50648,0.00000,0.25093
265,0.40816,0.18189,0.02050,0.50240,0.00000,0.24804
266,0.41022,0.18178,0.02277,0.50671,0.00000,0.25112
267,0.41037,0.17847,0.05861,0.50665,0.00000,0.25479
268,0.40589,0.18278,0.05371,0.50713,0.00000,0.25247
269,0.38830,0.19065,0.08929,0.49154,0.00000,0.26460
270,0.38354,0.19552,0.09209,0.47794,0.00000,0.26243
271,0.40903,0.19083,0.13523,0.52242,0.00000,0.25689
272,0.43948,0.19599,0.15587,0.56472,0.00000,0.23826
273,0.48445,0.19829,0.16841,0.62721,0.00000,0.18682
274,0.47679,0.18620,0.15679,0.57634,0.00000,0.23975
275,0.48404,0.20051,0.14609,0.55965,0.00000,0.27562
276,0.44709,0.19057,0.13654,0.52516,0.00000,0.32919
277,0.42669,0.18137,0.13704,0.53917,0.00000,0.30142
278,0.42333,0.18636,0.15823,0.60804,0.00000,0.29534
279,0.42088,0.19761,0.17101,0.65292,0.00000,0.26968
280,0.40349,0.20477,0.16269,0.64929,0.00000,0.26660
281,0.37515,0.19832,0.15449,0.64217,0.00000,0.26839
282,0.35199,0.18933,0.15083,0.64376,0.00000,0.27487
283,0.35417,0.18487,0.14871,0.62529,0.00000,0.26709
284,0.33349,0.18359,0.12833,0.59088,0.00000,0.27002
285,0.32101,0.18448,0.09157,0.57759,0.00000,0.28166
286,0.31377,0.18284,0.10327,0.58036,0.00000,0.28379
287,0.30567,0.18288,0.07553,0.57600,0.00000,0.28681
288,0.30409,0.18350,0.05761,0.57911,0.00000,0.28485
289,0.27768,0.17042,0.06981,0.48768,1.00000,0.38938
290,0.26504,0.18602,0.05964,0.36866,0.00000,0.54285
291,0.28012,0.19608,0.06065,0.39968,0.00000,0.54007
292,0.31105,0.20418,0.06986,0.43141,0.00000,0.50415
293,0.33200,0.20372,0.05988,0.46461,0.00000,0.46742
294,0.34599,0.20063,0.05733,0.49989,0.00000,0.44197
295,0.42228,0.20621,0.12103,0.47039,1.00000,0.31158
296,0.45947,0.20558,0.09125,0.46138,1.00000,0.28049
297,0.42910,0.19791,0.06645,0.43088,1.00000,0.28118
298,0.37837,0.17890,0.04100,0.41510,0.00000,0.32202
299,0.38292,0.21005,0.07569,0.65660,1.00000,0.29436
300,0.38087,0.20862,0.07428,0.66825,0.00000,0.29343
301,0.40282,0.19866,0.06954,0.66885,1.00000,0.26407
302,0.40981,0.20415,0.06086,0.64495,1.00000,0.28587
303,0.43298,0.22157,0.07512,0.51746,0.00000,0.41829
304,0.43096,0.21253,0.05041,0.51737,0.00000,0.42545
305,0.43783,0.22028,0.03944,0.51826,0.00000,0.41369
306,0.44728,0.22224,0.05331,0.52168,0.00000,0.41308
307,0.44482,0.22175,0.08561,0.52352,1.00000,0.39957
308,0.56475,0.15830,0.08574,0.38687,1.00000,0.24745
309,0.45013,0.17094,0.08117,0.36817,0.00000,0.30114
310,0.39937,0.17272,0.05549,0.41314,0.00000,0.31755
311,0.38969,0.18137,0.05198,0.44076,0.00000,0.31350
312,0.40721,0.21115,0.06090,0.37030,1.00000,0.28086
313,0.40030,0.23559,0.02870,0.34876,0.00000,0.26122
314,0.38565,0.22454,0.02242,0.40047,0.00000,0.27232
315,0.40886,0.20092,0.05040,0.36264,0.00000,0.28013
316,0.42895,0.17434,0.02173,0.32836,0.00000,0.28867
317,0.42865,0.17214,0.01927,0.33009,0.00000,0.28767
318,0.42839,0.17416,0.01838,0.32647,0.00000,0.28775
319,0.43002,0.17403,0.01640,0.32562,0.00000,0.28489
320,0.35979,0.14488,0.05206,0.32063,1.00000,0.38598
321,0.35837,0.14717,0.01312,0.31928,0.00000,0.38378
322,0.37627,0.20585,0.05568,0.37261,1.00000,0.31390
323,0.38403,0.23402,0.01641,0.40081,0.00000,0.28049
324,0.41901,0.18253,0.04563,0.33923,0.00000,0.28616
325,0.42711,0.17366,0.01771,0.32556,0.00000,0.28691
326,0.42830,0.17333,0.02945,0.32737,0.00000,0.28829
327,0.42710,0.17209,0.02451,0.32218,0.00000,0.29076
328,0.48725,0.20113,0.05028,0.26867,1.00000,0.28369
329,0.54742,0.23403,0.00345,0.21391,0.00000,0.27959
330,0.33510,0.22246,0.09762,0.25871,1.00000,0.28521
331,0.23546,0.21995,0.05200,0.28992,0.00000,0.28077
332,0.21991,0.20215,0.07205,0.25731,0.00000,0.29163
333,0.21340,0.19329,0.04425,0.23837,0.00000,0.28388
334,0.19236,0.17272,0.04157,0.20092,0.00000,0.26786
335,0.22213,0.20532,0.04127,0.20506,0.00000,0.28620
336,0.21246,0.19694,0.02947,0.20385,0.00000,0.27890
337,0.21562,0.19780,0.01503,0.20371,0.00000,0.28367
338,0.21725,0.19887,0.01582,0.22275,0.00000,0.28561
339,0.45441,0.21054,0.07589,0.30451,1.00000,0.22932
340,0.46122,0.21300,0.01546,0.31219,0.00000,0.23196
341,0.39653,0.17237,0.07196,0.29899,1.00000,0.49633
342,0.37537,0.16780,0.07535,0.29974,0.00000,0.62500
343,0.36700,0.16612,0.07023,0.28495,0.00000,0.61864
344,0.34262,0.15731,0.05935,0.30147,0.00000,0.63203
345,0.32162,0.15601,0.05506,0.32059,0.00000,0.66474
346,0.37551,0.16117,0.06010,0.32472,1.00000,0.50183
347,0.41154,0.16149,0.02955,0.36124,0.00000,0.37473
348,0.42549,0.17165,0.05580,0.48056,1.00000,0.33867
349,0.44379,0.18452,0.02077,0.59347,0.00000,0.30452
350,0.39097,0.20078,0.05149,0.50025,1.00000,0.33097
351,0.38021,0.21552,0.02263,0.47201,0.00000,0.34076
352,0.38692,0.21559,0.04750,0.43189,1.00000,0.32616
353,0.44874,0.24613,0.02123,0.33437,0.00000,0.23944
354,0.43301,0.24489,0.01543,0.39856,0.00000,0.25721
355,0.43497,0.24392,0.01863,0.40017,0.00000,0.25656
356,0.41228,0.19803,0.06165,0.43493,1.00000,0.30622
357,0.39632,0.17538,0.01854,0.44971,0.00000,0.33454
358,0.39709,0.17604,0.03350,0.45190,0.00000,0.33546
359,0.39396,0.17513,0.02238,0.45019,0.00000,0.33798
360,0.39346,0.17541,0.02240,0.45008,0.00000,0.34098
361,0.39185,0.17537,0.03228,0.44843,0.00000,0.33943
362,0.35186,0.16814,0.04860,0.32140,1.00000,0.35788
363,0.34100,0.16481,0.02116,0.29792,0.00000,0.35612
364,0.34236,0.16459,0.04595,0.31825,1.00000,0.45116
365,0.34801,0.16996,0.00559,0.33826,0.00000,0.54798
366,0.35398,0.16961,0.00932,0.33681,0.00000,0.54735
367,0.32437,0.16943,0.07086,0.29652,1.00000,0.47808
368,0.25946,0.19088,0.00645,0.31520,0.00000,0.32817
369,0.41112,0.20978,0.12517,0.31325,2.00000,0.26448
370,0.44273,0.24421,0.02449,0.37621,0.00000,0.23569
371,0.39896,0.21558,0.07874,0.37903,1.00000,0.36362
372,0.31162,0.15143,0.03538,0.39499,0.00000,0.61657
373,0.30467,0.15023,0.02039,0.39589,0.00000,0.61597
374,0.48326,0.18887,0.05564,0.38730,1.00000,0.25496
375,0.47996,0.18792,0.01512,0.38871,0.00000,0.25465
376,0.39216,0.17864,0.09009,0.39762,1.00000,0.30372
377,0.45028,0.20491,0.07352,0.40623,1.00000,0.24309
378,0.44222,0.18152,0.12011,0.40970,1.00000,0.28417
379,0.45093,0.17670,0.05693,0.37184,0.00000,0.28535
380,0.51717,0.23437,0.05809,0.40183,1.00000,0.21046
381,0.50031,0.23670,0.03632,0.39664,0.00000,0.21632
382,0.49659,0.23636,0.03835,0.38962,0.00000,0.21503
383,0.32931,0.18785,0.08873,0.30212,1.00000,0.34208
384,0.29723,0.17401,0.05975,0.28810,0.00000,0.36570
385,0.35335,0.18771,0.06499,0.34857,1.00000,0.32520
386,0.40532,0.20243,0.03681,0.40139,0.00000,0.28917
387,0.33289,0.18659,0.10628,0.31974,1.00000,0.34331
388,0.33040,0.19377,0.04138,0.30397,0.00000,0.33919
389,0.41714,0.20775,0.06803,0.42758,1.00000,0.27888
390,0.30314,0.18345,0.07550,0.30070,1.00000,0.35127
391,0.29538,0.18688,0.05347,0.27627,0.00000,0.34846
392,0.35005,0.19813,0.07488,0.35766,1.00000,0.32060
393,0.41623,0.22577,0.04639,0.42312,0.00000,0.29104
394,0.41022,0.22424,0.05004,0.43209,0.00000,0.29463
395,0.40565,0.22357,0.05986,0.43620,0.00000,0.29775
396,0.40171,0.22103,0.03585,0.43660,0.00000,0.29643
397,0.39099,0.21753,0.04266,0.43371,0.00000,0.30504
398,0.39862,0.21954,0.04480,0.43271,0.00000,0.29920
399,0.41421,0.22241,0.05375,0.40815,1.00000,0.28272
400,0.37512,0.21085,0.05665,0.41062,1.00000,0.42421
401,0.33847,0.19517,0.04279,0.41463,0.00000,0.56493
402,0.31518,0.17880,0.04694,0.39108,0.00000,0.58977
403,0.29429,0.15518,0.04101,0.35398,0.00000,0.61087
404,0.39543,0.24676,0.06273,0.37316,1.00000,0.31966
405,0.42236,0.26726,0.02455,0.38355,0.00000,0.25732
406,0.41019,0.26688,0.02559,0.37457,0.00000,0.25994
407,0.40678,0.26795,0.02465,0.36950,0.00000,0.26184
408,0.40393,0.26696,0.02024,0.36911,0.00000,0.26514
409,0.30134,0.17107,0.05534,0.32754,1.00000,0.55569
410,0.28521,0.15456,0.02629,0.32680,0.00000,0.61534
411,0.28055,0.15933,0.02040,0.32533,0.00000,0.61678
412,0.31782,0.16648,0.05570,0.34288,1.00000,0.28284
413,0.31071,0.16858,0.03634,0.32910,0.00000,0.28732
414,0.30578,0.16855,0.03073,0.32464,0.00000,0.28965
415,0.39994,0.23835,0.05556,0.46069,1.00000,0.35445
416,0.58798,0.20365,0.07821,0.36672,0.00000,0.18520
417,0.40462,0.22637,0.06687,0.49010,1.00000,0.25088
418,0.37557,0.23760,0.06247,0.50770,1.00000,0.24172
419,0.38974,0.22903,0.04699,0.44467,0.00000,0.33653
420,0.39212,0.22992,0.05232,0.44667,0.00000,0.31808
421,0.38471,0.22735,0.04204,0.45118,0.00000,0.32505
422,0.39049,0.22972,0.03656,0.45777,0.00000,0.33156
423,0.39686,0.23109,0.06685,0.46152,0.00000,0.32404
424,0.42013,0.22608,0.09723,0.46624,0.00000,0.33031
425,0.33417,0.17778,0.07592,0.31105,1.00000,0.26334
426,0.25115,0.13111,0.02440,0.16427,0.00000,0.19979
427,0.25590,0.12843,0.04947,0.18708,1.00000,0.27205
428,0.34755,0.17577,0.03052,0.38962,0.00000,0.60406
429,0.34332,0.17583,0.02233,0.38923,0.00000,0.60837
430,0.34347,0.17554,0.01610,0.39093,0.00000,0.60742
431,0.34072,0.21420,0.06502,0.32084,1.00000,0.44862
432,0.35687,0.26244,0.06387,0.24726,0.00000,0.26388
433,0.32017,0.25183,0.06038,0.24576,0.00000,0.28628
434,0.39546,0.21978,0.09039,0.38282,1.00000,0.20053
435,0.39767,0.21544,0.06344,0.42065,0.00000,0.19054
436,0.34410,0.19693,0.07375,0.42973,0.00000,0.19714
437,0.34170,0.18412,0.11203,0.28940,1.00000,0.24271
438,0.47087,0.19676,0.10428,0.23560,2.00000,0.21435
439,0.65501,0.21874,0.04419,0.19479,0.00000,0.17224
440,0.59191,0.23649,0.06385,0.23983,0.00000,0.20433
441,0.38005,0.20414,0.11176,0.35803,1.00000,0.22071
442,0.35881,0.23903,0.07506,0.43101,0.00000,0.21361
443,0.36796,0.22756,0.06788,0.43564,0.00000,0.22048
444,0.40902,0.22610,0.08092,0.46515,0.00000,0.21864
445,0.22235,0.17919,0.12321,0.29600,1.00000,0.22113
446,0.21676,0.17114,0.06541,0.31761,0.00000,0.22520
447,0.19974,0.16139,0.05153,0.30178,0.00000,0.23414
448,0.22400,0.18346,0.06952,0.32410,0.00000,0.22326
449,0.23860,0.19472,0.04141,0.32665,0.00000,0.23045
450,0.26272,0.19605,0.08247,0.33897,0.00000,0.24618
451,0.26618,0.19779,0.07476,0.38474,0.00000,0.24695
452,0.33210,0.24823,0.10546,0.43049,0.00000,0.28917
453,0.30633,0.25200,0.07778,0.39533,0.00000,0.29715
454,0.30115,0.24968,0.06695,0.36576,0.00000,0.30696
455,0.35339,0.26476,0.06393,0.36846,0.00000,0.30705
456,0.36298,0.27125,0.06613,0.37057,0.00000,0.31431
457,0.30524,0.24296,0.09544,0.41736,0.00000,0.31795
458,0.28344,0.21542,0.10991,0.43498,0.00000,0.29631
459,0.30166,0.20464,0.11471,0.44780,0.00000,0.33505
460,0.29411,0.18451,0.10545,0.41849,0.00000,0.35438
461,0.29437,0.19182,0.11080,0.39694,0.00000,0.37924
462,0.38278,0.21426,0.01102,0.53883,0.00000,0.36778
463,0.38671,0.21406,0.00978,0.54129,0.00000,0.36780
464,0.36824,0.19328,0.04247,0.48361,0.00000,0.35097
465,0.39498,0.19158,0.18169,0.40541,0.00000,0.32294
466,0.33765,0.15059,0.13897,0.32649,0.00000,0.32516
467,0.30217,0.12381,0.07795,0.29189,0.00000,0.29469
468,0.35718,0.20542,0.16187,0.45764,0.00000,0.40680
469,0.43143,0.22078,0.19644,0.51611,0.00000,0.37848
470,0.49843,0.22006,0.20101,0.53650,0.00000,0.27861
471,0.44907,0.21896,0.19273,0.54810,0.00000,0.24720
472,0.48238,0.25843,0.24734,0.53689,0.00000,0.29905
473,0.37886,0.21738,0.09578,0.53266,0.00000,0.29125
474,0.38103,0.21002,0.03615,0.53344,0.00000,0.29587
475,0.38909,0.20870,0.04012,0.53150,0.00000,0.29925
476,0.39896,0.21022,0.05271,0.54285,0.00000,0.29775
477,0.41343,0.20960,0.05922,0.55148,0.00000,0.29880
478,0.41776,0.20114,0.08730,0.58753,0.00000,0.30096
479,0.21549,0.14190,0.11065,0.18224,1.00000,0.28396
480,0.25003,0.16115,0.15876,0.25016,3.00000,0.31654
481,0.16824,0.11974,0.04874,0.25057,0.00000,0.30098
482,0.44140,0.21985,0.12531,0.36422,1.00000,0.20666
483,0.35757,0.17956,0.12274,0.33627,1.00000,0.18528
484,0.43884,0.28543,0.21536,0.34066,1.00000,0.15901
485,0.29194,0.20739,0.15045,0.27416,1.00000,0.24194
486,0.16070,0.10781,0.03605,0.23770,0.00000,0.29754
487,0.16327,0.10934,0.01786,0.23678,0.00000,0.29886
488,0.49068,0.22864,0.12720,0.31142,1.00000,0.26870
489,0.40610,0.17475,0.14868,0.26740,1.00000,0.35885
490,0.28316,0.13072,0.09102,0.30760,0.00000,0.36556
491,0.33843,0.14016,0.11560,0.31060,0.00000,0.33087
492,0.42152,0.16618,0.19324,0.42979,0.00000,0.28233
493,0.42133,0.15103,0.14920,0.38965,0.00000,0.26615
494,0.36192,0.15599,0.13522,0.33704,0.00000,0.21012
495,0.40544,0.14686,0.13779,0.27627,1.00000,0.20800
496,0.34974,0.20405,0.12836,0.38393,0.00000,0.27861
497,0.39388,0.19218,0.17949,0.43656,0.00000,0.33523
498,0.38670,0.18294,0.10913,0.35650,0.00000,0.31938
499,0.40269,0.18315,0.14296,0.36611,1.00000,0.30124
500,0.35448,0.17567,0.12023,0.36479,0.00000,0.35668
501,0.35735,0.17901,0.06638,0.32406,0.00000,0.31652
502,0.36218,0.16397,0.09314,0.32704,1.00000,0.35661
503,0.45082,0.17605,0.11468,0.34456,1.00000,0.35469
504,0.47626,0.20488,0.01880,0.49601,0.00000,0.27844
505,0.47491,0.20502,0.01371,0.49705,0.00000,0.27750
506,0.34160,0.18893,0.11752,0.39665,1.00000,0.53262
507,0.32734,0.17690,0.03866,0.37474,0.00000,0.54615
508,0.32521,0.18024,0.02770,0.37786,0.00000,0.55246
509,0.31873,0.17664,0.02203,0.37941,0.00000,0.55943
510,0.39918,0.18967,0.05765,0.65580,1.00000,0.26032
511,0.40040,0.19156,0.03708,0.64833,0.00000,0.26121
512,0.40813,0.19458,0.03871,0.65758,0.00000,0.26022
513,0.41160,0.19425,0.02278,0.64370,0.00000,0.26410
514,0.41385,0.19467,0.01713,0.63999,0.00000,0.26456
515,0.41460,0.19492,0.01201,0.64201,0.00000,0.26494
516,0.41511,0.19445,0.01149,0.63626,0.00000,0.26456
517,0.41682,0.19543,0.01128,0.63846,0.00000,0.26344
518,0.45517,0.18693,0.07514,0.55298,0.00000,0.24881
519,0.45791,0.18379,0.02864,0.55483,0.00000,0.24902
520,0.45495,0.18439,0.03090,0.55037,0.00000,0.25139
521,0.41591,0.20151,0.14837,0.40220,1.00000,0.37134
522,0.47263,0.20881,0.07113,0.41786,0.00000,0.34417
523,0.48175,0.19326,0.07361,0.41069,0.00000,0.31943
524,0.47199,0.19073,0.08253,0.38007,0.00000,0.32927
525,0.46247,0.19862,0.08296,0.36952,0.00000,0.32610
526,0.45732,0.20080,0.10561,0.37457,0.00000,0.34530
527,0.33032,0.20862,0.10301,0.35628,1.00000,0.31472
528,0.10742,0.07327,0.02921,0.13216,0.00000,0.24686
529,0.08932,0.04189,0.00806,0.09303,0.00000,0.24742
530,0.21558,0.14000,0.03900,0.36086,0.00000,0.43555
531,0.26702,0.16456,0.03856,0.41787,0.00000,0.37934
532,0.26894,0.15509,0.02645,0.40128,0.00000,0.34964
533,0.26386,0.15466,0.04714,0.39445,0.00000,0.35259
534,0.25993,0.15169,0.05323,0.38902,0.00000,0.34283
535,0.25972,0.15292,0.02477,0.37906,0.00000,0.33871
536,0.25726,0.15576,0.02727,0.36976,0.00000,0.33803
537,0.27998,0.16196,0.05769,0.37069,1.00000,0.34009
538,0.42519,0.21720,0.04824,0.40288,0.00000,0.33968
539,0.44980,0.22119,0.06710,0.50607,1.00000,0.30389
540,0.45888,0.21538,0.02936,0.54563,0.00000,0.28576
541,0.45457,0.21270,0.05057,0.55647,0.00000,0.29092
542,0.45727,0.20944,0.05375,0.55159,0.00000,0.28686
543,0.28355,0.14727,0.06894,0.41111,1.00000,0.35771
544,0.25333,0.13551,0.01699,0.38542,0.00000,0.36748
545,0.25457,0.13575,0.02132,0.38175,0.00000,0.36534
546,0.25500,0.13574,0.03151,0.37999,0.00000,0.36255
547,0.25648,0.13687,0.01648,0.38295,0.00000,0.35999
548,0.25659,0.13691,0.02037,0.38508,0.00000,0.35532
549,0.25788,0.13783,0.01585,0.38793,0.00000,0.35055
550,0.25918,0.13908,0.01614,0.38775,0.00000,0.34863
551,0.26010,0.14022,0.01467,0.38734,0.00000,0.34021
552,0.25711,0.14164,0.03876,0.36515,1.00000,0.35125
553,0.26253,0.16725,0.03784,0.26807,0.00000,0.41678
554,0.26730,0.16776,0.02677,0.26811,0.00000,0.42031
555,0.26463,0.16745,0.01589,0.27049,0.00000,0.44088
556,0.28303,0.17347,0.05741,0.28924,1.00000,0.47024
557,0.35283,0.19814,0.01935,0.38536,0.00000,0.60029
558,0.36075,0.19939,0.04566,0.38370,0.00000,0.59531
559,0.35637,0.19224,0.04954,0.36955,0.00000,0.61073
560,0.36050,0.19434,0.03587,0.35270,0.00000,0.60977
561,0.34377,0.19788,0.03740,0.35011,0.00000,0.61716
562,0.33629,0.20155,0.02061,0.34641,0.00000,0.61677
563,0.33229,0.19976,0.01974,0.35043,0.00000,0.61458
564,0.32177,0.19408,0.04845,0.43827,1.00000,0.65019
565,0.31653,0.19210,0.01989,0.47512,0.00000,0.66954
566,0.31288,0.19156,0.02230,0.46913,0.00000,0.67387
567,0.30955,0.19272,0.02543,0.46166,0.00000,0.67599
568,0.30841,0.19721,0.03848,0.44120,0.00000,0.67234
569,0.31902,0.19903,0.04432,0.43389,0.00000,0.66092
570,0.33740,0.19905,0.06039,0.45322,0.00000,0.62788
571,0.26236,0.13090,0.15078,0.28438,1.00000,0.61351
572,0.21053,0.09716,0.08493,0.22265,0.00000,0.45767
573,0.22269,0.06690,0.05415,0.17509,0.00000,0.37508
574,0.21589,0.08241,0.05925,0.24063,1.00000,0.40231
575,0.25879,0.10879,0.04508,0.35645,0.00000,0.21270
576,0.26652,0.10511,0.03885,0.35097,0.00000,0.21482
577,0.27545,0.10594,0.04841,0.35904,0.00000,0.21378
578,0.27627,0.09563,0.04249,0.33356,0.00000,0.21056
579,0.28588,0.09085,0.04003,0.31275,0.00000,0.20326
580,0.30079,0.08494,0.03654,0.29416,0.00000,0.19483
581,0.30949,0.08483,0.03406,0.28623,0.00000,0.19118
582,0.29460,0.08332,0.03107,0.27287,0.00000,0.19904
583,0.31632,0.09766,0.03365,0.26465,0.00000,0.19384
584,0.32900,0.11578,0.03213,0.25653,0.00000,0.18479
585,0.32103,0.11820,0.02875,0.23697,0.00000,0.18625
586,0.31814,0.12044,0.02911,0.22992,0.00000,0.18182
587,0.31837,0.12310,0.03053,0.22856,0.00000,0.16854
